Timestamp,Employee_ID,Access_Point,Department
2025-02-01 08:03,1056,Sisenemine,Logistika
2025-02-01 15:28,1056,Vﾃ､ljumine,Logistika
2025-02-01 08:01,2043,Sisenemine,Mﾃｼﾃｼk
2025-02-01 01:42,1123,Sisenemine,IT
2025-02-01 12:49,1123,Vﾃ､ljumine,IT
2025-02-01 08:22,5002,Sisenemine,Mﾃｼﾃｼk
2025-02-01 15:27,5002,Vﾃ､ljumine,Mﾃｼﾃｼk
2025-02-01 08:42,8342,Sisenemine,IT
2025-02-01 15:40,8342,Vﾃ､ljumine,IT
2025-02-01 00:09,1023,Sisenemine,IT
2025-02-01 14:02,1023,Vﾃ､ljumine,IT
2025-02-01 01:13,2045,Sisenemine,IT
2025-02-01 13:32,2045,Vﾃ､ljumine,IT
2025-02-01 08:31,2100,Sisenemine,IT
2025-02-01 13:19,2100,Vﾃ､ljumine,IT
2025-02-01 08:37,2101,Sisenemine,IT
2025-02-01 13:41,2101,Vﾃ､ljumine,IT
2025-02-01 08:35,5005,Sisenemine,Mﾃｼﾃｼk
2025-02-01 12:19,5005,Sisenemine,Mﾃｼﾃｼk
2025-02-01 08:10,1045,Sisenemine,Logistika
2025-02-01 15:54,1045,Vﾃ､ljumine,Logistika
2025-02-01 08:52,1234,Sisenemine,Logistika
2025-02-01 08:54,3456,Sisenemine,Turvalisus
2025-02-01 08:25,4567,Sisenemine,Turvalisus
2025-02-01 13:13,4567,Vﾃ､ljumine,Turvalisus
2025-02-02 08:19,1056,Sisenemine,Logistika
2025-02-02 13:30,1056,Vﾃ､ljumine,Logistika
2025-02-02 00:35,2043,Sisenemine,Mﾃｼﾃｼk
2025-02-02 14:45,2043,Vﾃ､ljumine,Mﾃｼﾃｼk
2025-02-02 08:16,1123,Sisenemine,IT
2025-02-02 16:14,1123,Vﾃ､ljumine,IT
2025-02-02 08:24,5002,Sisenemine,Mﾃｼﾃｼk
2025-02-02 15:14,5002,Vﾃ､ljumine,Mﾃｼﾃｼk
2025-02-02 08:04,8342,Sisenemine,IT
2025-02-02 11:13,8342,Sisenemine,IT
2025-02-02 08:57,1023,Sisenemine,IT
2025-02-02 14:56,1023,Vﾃ､ljumine,IT
2025-02-02 08:58,2045,Sisenemine,IT
2025-02-02 13:06,2045,Vﾃ､ljumine,IT
2025-02-02 01:18,2100,Sisenemine,IT
2025-02-02 14:11,2100,Vﾃ､ljumine,IT
2025-02-02 08:40,2101,Sisenemine,IT
2025-02-02 15:00,2101,Vﾃ､ljumine,IT
2025-02-02 08:32,5005,Sisenemine,Mﾃｼﾃｼk
2025-02-02 13:48,5005,Vﾃ､ljumine,Mﾃｼﾃｼk
2025-02-02 08:36,1045,Sisenemine,Logistika
2025-02-02 13:27,1045,Vﾃ､ljumine,Logistika
2025-02-02 01:02,1234,Sisenemine,Logistika
2025-02-02 15:42,1234,Vﾃ､ljumine,Logistika
2025-02-02 08:55,3456,Sisenemine,Turvalisus
2025-02-02 11:35,3456,Sisenemine,Turvalisus
2025-02-02 08:42,4567,Sisenemine,Turvalisus
2025-02-02 15:54,4567,Vﾃ､ljumine,Turvalisus
2025-02-03 08:44,1056,Sisenemine,Logistika
2025-02-03 08:56,2043,Sisenemine,Mﾃｼﾃｼk
2025-02-03 14:17,2043,Vﾃ､ljumine,Mﾃｼﾃｼk
2025-02-03 08:51,1123,Sisenemine,IT
2025-02-03 14:45,1123,Vﾃ､ljumine,IT
2025-02-03 08:58,5002,Sisenemine,Mﾃｼﾃｼk
2025-02-03 16:03,5002,Vﾃ､ljumine,Mﾃｼﾃｼk
2025-02-03 08:03,8342,Sisenemine,IT
2025-02-03 13:31,8342,Vﾃ､ljumine,IT
2025-02-03 01:35,1023,Sisenemine,IT
2025-02-03 15:23,1023,Vﾃ､ljumine,IT
2025-02-03 00:29,2045,Sisenemine,IT
2025-02-03 16:38,2045,Vﾃ､ljumine,IT
2025-02-03 01:52,2100,Sisenemine,IT
2025-02-03 15:35,2100,Vﾃ､ljumine,IT
2025-02-03 08:19,2101,Sisenemine,IT
2025-02-03 13:01,2101,Vﾃ､ljumine,IT
2025-02-03 08:58,5005,Sisenemine,Mﾃｼﾃｼk
2025-02-03 08:40,1045,Sisenemine,Logistika
2025-02-03 15:18,1045,Vﾃ､ljumine,Logistika
2025-02-03 08:51,1234,Sisenemine,Logistika
2025-02-03 08:21,3456,Sisenemine,Turvalisus
2025-02-03 15:41,3456,Vﾃ､ljumine,Turvalisus
2025-02-03 08:14,4567,Sisenemine,Turvalisus
2025-02-03 13:50,4567,Vﾃ､ljumine,Turvalisus
2025-02-04 09:00,1056,Sisenemine,Logistika
2025-02-04 15:02,1056,Vﾃ､ljumine,Logistika
2025-02-04 08:42,2043,Sisenemine,Mﾃｼﾃｼk
2025-02-04 16:07,2043,Vﾃ､ljumine,Mﾃｼﾃｼk
2025-02-04 08:39,1123,Sisenemine,IT
2025-02-04 13:18,1123,Vﾃ､ljumine,IT
2025-02-04 08:08,5002,Sisenemine,Mﾃｼﾃｼk
2025-02-04 08:03,8342,Sisenemine,IT
2025-02-04 08:44,1023,Sisenemine,IT
2025-02-04 14:32,1023,Vﾃ､ljumine,IT
2025-02-04 08:19,2045,Sisenemine,IT
2025-02-04 13:44,2045,Vﾃ､ljumine,IT
2025-02-04 09:00,2100,Sisenemine,IT
2025-02-04 13:14,2100,Vﾃ､ljumine,IT
2025-02-04 08:45,2101,Sisenemine,IT
2025-02-04 16:34,2101,Vﾃ､ljumine,IT
2025-02-04 08:45,5005,Sisenemine,Mﾃｼﾃｼk
2025-02-04 14:22,5005,Vﾃ､ljumine,Mﾃｼﾃｼk
2025-02-04 08:11,1045,Sisenemine,Logistika
2025-02-04 14:50,1045,Vﾃ､ljumine,Logistika
2025-02-04 08:28,1234,Sisenemine,Logistika
2025-02-04 10:29,1234,Sisenemine,Logistika
2025-02-04 08:59,3456,Sisenemine,Turvalisus
2025-02-04 14:44,3456,Vﾃ､ljumine,Turvalisus
2025-02-04 08:32,4567,Sisenemine,Turvalisus
2025-02-05 08:02,1056,Sisenemine,Logistika
2025-02-05 15:16,1056,Vﾃ､ljumine,Logistika
2025-02-05 08:56,2043,Sisenemine,Mﾃｼﾃｼk
2025-02-05 14:58,2043,Vﾃ､ljumine,Mﾃｼﾃｼk
2025-02-05 08:38,1123,Sisenemine,IT
2025-02-05 15:10,1123,Vﾃ､ljumine,IT
2025-02-05 08:03,5002,Sisenemine,Mﾃｼﾃｼk
2025-02-05 10:56,5002,Sisenemine,Mﾃｼﾃｼk
2025-02-05 08:25,8342,Sisenemine,IT
2025-02-05 08:30,1023,Sisenemine,IT
2025-02-05 14:36,1023,Vﾃ､ljumine,IT
2025-02-05 08:48,2045,Sisenemine,IT
2025-02-05 11:36,2045,Sisenemine,IT
2025-02-05 00:03,2100,Sisenemine,IT
2025-02-05 14:41,2100,Vﾃ､ljumine,IT
2025-02-05 08:44,2101,Sisenemine,IT
2025-02-05 14:04,2101,Vﾃ､ljumine,IT
2025-02-05 08:23,5005,Sisenemine,Mﾃｼﾃｼk
2025-02-05 13:49,5005,Vﾃ､ljumine,Mﾃｼﾃｼk
2025-02-05 08:46,1045,Sisenemine,Logistika
2025-02-05 13:52,1045,Vﾃ､ljumine,Logistika
2025-02-05 08:37,1234,Sisenemine,Logistika
2025-02-05 13:53,1234,Vﾃ､ljumine,Logistika
2025-02-05 08:46,3456,Sisenemine,Turvalisus
2025-02-05 14:15,3456,Vﾃ､ljumine,Turvalisus
2025-02-05 08:33,4567,Sisenemine,Turvalisus
2025-02-05 13:15,4567,Vﾃ､ljumine,Turvalisus
2025-02-06 08:19,1056,Sisenemine,Logistika
2025-02-06 12:33,1056,Vﾃ､ljumine,Logistika
2025-02-06 08:26,2043,Sisenemine,Mﾃｼﾃｼk
2025-02-06 11:28,2043,Sisenemine,Mﾃｼﾃｼk
2025-02-06 09:00,1123,Sisenemine,IT
2025-02-06 11:44,1123,Sisenemine,IT
2025-02-06 08:56,5002,Sisenemine,Mﾃｼﾃｼk
2025-02-06 13:59,5002,Vﾃ､ljumine,Mﾃｼﾃｼk
2025-02-06 08:15,8342,Sisenemine,IT
2025-02-06 12:42,8342,Vﾃ､ljumine,IT
2025-02-06 08:51,1023,Sisenemine,IT
2025-02-06 14:13,1023,Vﾃ､ljumine,IT
2025-02-06 08:32,2045,Sisenemine,IT
2025-02-06 14:49,2045,Vﾃ､ljumine,IT
2025-02-06 01:26,2100,Sisenemine,IT
2025-02-06 15:48,2100,Vﾃ､ljumine,IT
2025-02-06 08:54,2101,Sisenemine,IT
2025-02-06 16:36,2101,Vﾃ､ljumine,IT
2025-02-06 08:55,5005,Sisenemine,Mﾃｼﾃｼk
2025-02-06 14:20,5005,Vﾃ､ljumine,Mﾃｼﾃｼk
2025-02-06 08:58,1045,Sisenemine,Logistika
2025-02-06 16:21,1045,Vﾃ､ljumine,Logistika
2025-02-06 08:21,1234,Sisenemine,Logistika
2025-02-06 10:47,1234,Sisenemine,Logistika
2025-02-06 08:26,3456,Sisenemine,Turvalisus
2025-02-06 14:44,3456,Vﾃ､ljumine,Turvalisus
2025-02-06 08:03,4567,Sisenemine,Turvalisus
2025-02-06 12:39,4567,Vﾃ､ljumine,Turvalisus
2025-02-07 00:30,1056,Sisenemine,Logistika
2025-02-07 13:57,1056,Vﾃ､ljumine,Logistika
2025-02-07 08:18,2043,Sisenemine,Mﾃｼﾃｼk
2025-02-07 14:11,2043,Vﾃ､ljumine,Mﾃｼﾃｼk
2025-02-07 08:47,1123,Sisenemine,IT
2025-02-07 14:44,1123,Vﾃ､ljumine,IT
2025-02-07 08:58,5002,Sisenemine,Mﾃｼﾃｼk
2025-02-07 08:06,8342,Sisenemine,IT
2025-02-07 16:06,8342,Vﾃ､ljumine,IT
2025-02-07 08:37,1023,Sisenemine,IT
2025-02-07 15:08,1023,Vﾃ､ljumine,IT
2025-02-07 08:39,2045,Sisenemine,IT
2025-02-07 13:22,2045,Vﾃ､ljumine,IT
2025-02-07 08:35,2100,Sisenemine,IT
2025-02-07 13:26,2100,Vﾃ､ljumine,IT
2025-02-07 08:21,2101,Sisenemine,IT
2025-02-07 14:55,2101,Vﾃ､ljumine,IT
2025-02-07 08:56,5005,Sisenemine,Mﾃｼﾃｼk
2025-02-07 13:35,5005,Vﾃ､ljumine,Mﾃｼﾃｼk
2025-02-07 08:01,1045,Sisenemine,Logistika
2025-02-07 13:18,1045,Vﾃ､ljumine,Logistika
2025-02-07 01:49,1234,Sisenemine,Logistika
2025-02-07 13:34,1234,Vﾃ､ljumine,Logistika
2025-02-07 08:49,3456,Sisenemine,Turvalisus
2025-02-07 12:25,3456,Sisenemine,Turvalisus
2025-02-07 08:23,4567,Sisenemine,Turvalisus
2025-02-07 15:41,4567,Vﾃ､ljumine,Turvalisus
2025-02-08 01:45,1056,Sisenemine,Logistika
2025-02-08 14:28,1056,Vﾃ､ljumine,Logistika
2025-02-08 08:10,2043,Sisenemine,Mﾃｼﾃｼk
2025-02-08 16:03,2043,Vﾃ､ljumine,Mﾃｼﾃｼk
2025-02-08 08:04,1123,Sisenemine,IT
2025-02-08 15:50,1123,Vﾃ､ljumine,IT
2025-02-08 08:08,5002,Sisenemine,Mﾃｼﾃｼk
2025-02-08 14:53,5002,Vﾃ､ljumine,Mﾃｼﾃｼk
2025-02-08 00:10,8342,Sisenemine,IT
2025-02-08 14:23,8342,Vﾃ､ljumine,IT
2025-02-08 08:47,1023,Sisenemine,IT
2025-02-08 13:06,1023,Vﾃ､ljumine,IT
2025-02-08 08:38,2045,Sisenemine,IT
2025-02-08 13:48,2045,Vﾃ､ljumine,IT
2025-02-08 08:13,2100,Sisenemine,IT
2025-02-08 15:37,2100,Vﾃ､ljumine,IT
2025-02-08 08:16,2101,Sisenemine,IT
2025-02-08 14:43,2101,Vﾃ､ljumine,IT
2025-02-08 08:08,5005,Sisenemine,Mﾃｼﾃｼk
2025-02-08 15:35,5005,Vﾃ､ljumine,Mﾃｼﾃｼk
2025-02-08 08:15,1045,Sisenemine,Logistika
2025-02-08 14:51,1045,Vﾃ､ljumine,Logistika
2025-02-08 08:22,1234,Sisenemine,Logistika
2025-02-08 13:40,1234,Vﾃ､ljumine,Logistika
2025-02-08 00:35,3456,Sisenemine,Turvalisus
2025-02-08 14:48,3456,Vﾃ､ljumine,Turvalisus
2025-02-08 08:14,4567,Sisenemine,Turvalisus
2025-02-08 11:59,4567,Sisenemine,Turvalisus
2025-02-09 01:13,1056,Sisenemine,Logistika
2025-02-09 13:38,1056,Vﾃ､ljumine,Logistika
2025-02-09 08:45,2043,Sisenemine,Mﾃｼﾃｼk
2025-02-09 08:59,1123,Sisenemine,IT
2025-02-09 15:23,1123,Vﾃ､ljumine,IT
2025-02-09 08:11,5002,Sisenemine,Mﾃｼﾃｼk
2025-02-09 14:16,5002,Vﾃ､ljumine,Mﾃｼﾃｼk
2025-02-09 08:49,8342,Sisenemine,IT
2025-02-09 15:26,8342,Vﾃ､ljumine,IT
2025-02-09 08:59,1023,Sisenemine,IT
2025-02-09 16:27,1023,Vﾃ､ljumine,IT
2025-02-09 08:41,2045,Sisenemine,IT
2025-02-09 14:32,2045,Vﾃ､ljumine,IT
2025-02-09 08:04,2100,Sisenemine,IT
2025-02-09 13:15,2100,Vﾃ､ljumine,IT
2025-02-09 08:59,2101,Sisenemine,IT
2025-02-09 16:56,2101,Vﾃ､ljumine,IT
2025-02-09 08:25,5005,Sisenemine,Mﾃｼﾃｼk
2025-02-09 12:33,5005,Vﾃ､ljumine,Mﾃｼﾃｼk
2025-02-09 08:16,1045,Sisenemine,Logistika
2025-02-09 13:46,1045,Vﾃ､ljumine,Logistika
2025-02-09 08:14,1234,Sisenemine,Logistika
2025-02-09 15:36,1234,Vﾃ､ljumine,Logistika
2025-02-09 08:14,3456,Sisenemine,Turvalisus
2025-02-09 15:20,3456,Vﾃ､ljumine,Turvalisus
2025-02-09 08:50,4567,Sisenemine,Turvalisus
2025-02-09 13:50,4567,Vﾃ､ljumine,Turvalisus
2025-02-10 08:49,1056,Sisenemine,Logistika
2025-02-10 14:40,1056,Vﾃ､ljumine,Logistika
2025-02-10 08:47,2043,Sisenemine,Mﾃｼﾃｼk
2025-02-10 12:55,2043,Vﾃ､ljumine,Mﾃｼﾃｼk
2025-02-10 08:42,1123,Sisenemine,IT
2025-02-10 14:03,1123,Vﾃ､ljumine,IT
2025-02-10 08:39,5002,Sisenemine,Mﾃｼﾃｼk
2025-02-10 13:32,5002,Vﾃ､ljumine,Mﾃｼﾃｼk
2025-02-10 08:35,8342,Sisenemine,IT
2025-02-10 12:59,8342,Vﾃ､ljumine,IT
2025-02-10 08:43,1023,Sisenemine,IT
2025-02-10 16:14,1023,Vﾃ､ljumine,IT
2025-02-10 09:00,2045,Sisenemine,IT
2025-02-10 13:57,2045,Vﾃ､ljumine,IT
2025-02-10 08:05,2100,Sisenemine,IT
2025-02-10 12:59,2100,Vﾃ､ljumine,IT
2025-02-10 08:00,2101,Sisenemine,IT
2025-02-10 15:13,2101,Vﾃ､ljumine,IT
2025-02-10 08:42,5005,Sisenemine,Mﾃｼﾃｼk
2025-02-10 12:55,5005,Vﾃ､ljumine,Mﾃｼﾃｼk
2025-02-10 08:33,1045,Sisenemine,Logistika
2025-02-10 13:59,1045,Vﾃ､ljumine,Logistika
2025-02-10 08:41,1234,Sisenemine,Logistika
2025-02-10 15:06,1234,Vﾃ､ljumine,Logistika
2025-02-10 08:41,3456,Sisenemine,Turvalisus
2025-02-10 12:49,3456,Vﾃ､ljumine,Turvalisus
2025-02-10 08:02,4567,Sisenemine,Turvalisus
2025-02-10 14:52,4567,Vﾃ､ljumine,Turvalisus
2025-02-11 08:09,1056,Sisenemine,Logistika
2025-02-11 13:37,1056,Vﾃ､ljumine,Logistika
2025-02-11 08:29,2043,Sisenemine,Mﾃｼﾃｼk
2025-02-11 13:50,2043,Vﾃ､ljumine,Mﾃｼﾃｼk
2025-02-11 08:00,1123,Sisenemine,IT
2025-02-11 14:13,1123,Vﾃ､ljumine,IT
2025-02-11 08:43,5002,Sisenemine,Mﾃｼﾃｼk
2025-02-11 14:26,5002,Vﾃ､ljumine,Mﾃｼﾃｼk
2025-02-11 08:33,8342,Sisenemine,IT
2025-02-11 16:16,8342,Vﾃ､ljumine,IT
2025-02-11 08:20,1023,Sisenemine,IT
2025-02-11 14:10,1023,Vﾃ､ljumine,IT
2025-02-11 08:38,2045,Sisenemine,IT
2025-02-11 13:04,2045,Vﾃ､ljumine,IT
2025-02-11 08:55,2100,Sisenemine,IT
2025-02-11 15:05,2100,Vﾃ､ljumine,IT
2025-02-11 08:57,2101,Sisenemine,IT
2025-02-11 15:50,2101,Vﾃ､ljumine,IT
2025-02-11 08:40,5005,Sisenemine,Mﾃｼﾃｼk
2025-02-11 13:01,5005,Vﾃ､ljumine,Mﾃｼﾃｼk
2025-02-11 08:46,1045,Sisenemine,Logistika
2025-02-11 16:29,1045,Vﾃ､ljumine,Logistika
2025-02-11 08:18,1234,Sisenemine,Logistika
2025-02-11 14:07,1234,Vﾃ､ljumine,Logistika
2025-02-11 08:06,3456,Sisenemine,Turvalisus
2025-02-11 15:56,3456,Vﾃ､ljumine,Turvalisus
2025-02-11 08:00,4567,Sisenemine,Turvalisus
2025-02-11 15:27,4567,Vﾃ､ljumine,Turvalisus
2025-02-12 08:56,1056,Sisenemine,Logistika
2025-02-12 14:35,1056,Vﾃ､ljumine,Logistika
2025-02-12 08:48,2043,Sisenemine,Mﾃｼﾃｼk
2025-02-12 16:25,2043,Vﾃ､ljumine,Mﾃｼﾃｼk
2025-02-12 08:19,1123,Sisenemine,IT
2025-02-12 14:20,1123,Vﾃ､ljumine,IT
2025-02-12 08:43,5002,Sisenemine,Mﾃｼﾃｼk
2025-02-12 13:06,5002,Vﾃ､ljumine,Mﾃｼﾃｼk
2025-02-12 08:46,8342,Sisenemine,IT
2025-02-12 14:21,8342,Vﾃ､ljumine,IT
2025-02-12 08:28,1023,Sisenemine,IT
2025-02-12 13:56,1023,Vﾃ､ljumine,IT
2025-02-12 08:34,2045,Sisenemine,IT
2025-02-12 14:55,2045,Vﾃ､ljumine,IT
2025-02-12 08:30,2100,Sisenemine,IT
2025-02-12 13:17,2100,Vﾃ､ljumine,IT
2025-02-12 08:41,2101,Sisenemine,IT
2025-02-12 16:31,2101,Vﾃ､ljumine,IT
2025-02-12 08:01,5005,Sisenemine,Mﾃｼﾃｼk
2025-02-12 15:51,5005,Vﾃ､ljumine,Mﾃｼﾃｼk
2025-02-12 08:07,1045,Sisenemine,Logistika
2025-02-12 13:00,1045,Vﾃ､ljumine,Logistika
2025-02-12 08:01,1234,Sisenemine,Logistika
2025-02-12 15:02,1234,Vﾃ､ljumine,Logistika
2025-02-12 08:12,3456,Sisenemine,Turvalisus
2025-02-12 13:38,3456,Vﾃ､ljumine,Turvalisus
2025-02-12 08:11,4567,Sisenemine,Turvalisus
2025-02-12 13:20,4567,Vﾃ､ljumine,Turvalisus
2025-02-13 08:02,1056,Sisenemine,Logistika
2025-02-13 13:06,1056,Vﾃ､ljumine,Logistika
2025-02-13 08:40,2043,Sisenemine,Mﾃｼﾃｼk
2025-02-13 13:58,2043,Vﾃ､ljumine,Mﾃｼﾃｼk
2025-02-13 08:40,1123,Sisenemine,IT
2025-02-13 15:41,1123,Vﾃ､ljumine,IT
2025-02-13 08:47,5002,Sisenemine,Mﾃｼﾃｼk
2025-02-13 15:12,5002,Vﾃ､ljumine,Mﾃｼﾃｼk
2025-02-13 08:16,8342,Sisenemine,IT
2025-02-13 15:39,8342,Vﾃ､ljumine,IT
2025-02-13 08:23,1023,Sisenemine,IT
2025-02-13 15:21,1023,Vﾃ､ljumine,IT
2025-02-13 08:03,2045,Sisenemine,IT
2025-02-13 12:49,2045,Vﾃ､ljumine,IT
2025-02-13 08:53,2100,Sisenemine,IT
2025-02-13 15:44,2100,Vﾃ､ljumine,IT
2025-02-13 08:16,2101,Sisenemine,IT
2025-02-13 13:13,2101,Vﾃ､ljumine,IT
2025-02-13 08:22,5005,Sisenemine,Mﾃｼﾃｼk
2025-02-13 12:31,5005,Vﾃ､ljumine,Mﾃｼﾃｼk
2025-02-13 08:07,1045,Sisenemine,Logistika
2025-02-13 15:04,1045,Vﾃ､ljumine,Logistika
2025-02-13 08:00,1234,Sisenemine,Logistika
2025-02-13 13:34,1234,Vﾃ､ljumine,Logistika
2025-02-13 08:39,3456,Sisenemine,Turvalisus
2025-02-13 15:48,3456,Vﾃ､ljumine,Turvalisus
2025-02-13 08:04,4567,Sisenemine,Turvalisus
2025-02-13 13:15,4567,Vﾃ､ljumine,Turvalisus
2025-02-14 08:36,1056,Sisenemine,Logistika
2025-02-14 14:37,1056,Vﾃ､ljumine,Logistika
2025-02-14 08:28,2043,Sisenemine,Mﾃｼﾃｼk
2025-02-14 14:58,2043,Vﾃ､ljumine,Mﾃｼﾃｼk
2025-02-14 08:10,1123,Sisenemine,IT
2025-02-14 13:42,1123,Vﾃ､ljumine,IT
2025-02-14 08:15,5002,Sisenemine,Mﾃｼﾃｼk
2025-02-14 12:35,5002,Vﾃ､ljumine,Mﾃｼﾃｼk
2025-02-14 08:12,8342,Sisenemine,IT
2025-02-14 12:13,8342,Vﾃ､ljumine,IT
2025-02-14 08:30,1023,Sisenemine,IT
2025-02-14 15:46,1023,Vﾃ､ljumine,IT
2025-02-14 08:21,2045,Sisenemine,IT
2025-02-14 14:17,2045,Vﾃ､ljumine,IT
2025-02-14 08:31,2100,Sisenemine,IT
2025-02-14 13:44,2100,Vﾃ､ljumine,IT
2025-02-14 08:47,2101,Sisenemine,IT
2025-02-14 16:23,2101,Vﾃ､ljumine,IT
2025-02-14 08:55,5005,Sisenemine,Mﾃｼﾃｼk
2025-02-14 15:14,5005,Vﾃ､ljumine,Mﾃｼﾃｼk
2025-02-14 08:44,1045,Sisenemine,Logistika
2025-02-14 14:47,1045,Vﾃ､ljumine,Logistika
2025-02-14 08:25,1234,Sisenemine,Logistika
2025-02-14 16:23,1234,Vﾃ､ljumine,Logistika
2025-02-14 08:49,3456,Sisenemine,Turvalisus
2025-02-14 13:34,3456,Vﾃ､ljumine,Turvalisus
2025-02-14 08:45,4567,Sisenemine,Turvalisus
2025-02-14 16:24,4567,Vﾃ､ljumine,Turvalisus
2025-02-15 08:25,1056,Sisenemine,Logistika
2025-02-15 15:19,1056,Vﾃ､ljumine,Logistika
2025-02-15 08:53,2043,Sisenemine,Mﾃｼﾃｼk
2025-02-15 16:08,2043,Vﾃ､ljumine,Mﾃｼﾃｼk
2025-02-15 08:41,1123,Sisenemine,IT
2025-02-15 14:51,1123,Vﾃ､ljumine,IT
2025-02-15 08:34,5002,Sisenemine,Mﾃｼﾃｼk
2025-02-15 16:34,5002,Vﾃ､ljumine,Mﾃｼﾃｼk
2025-02-15 08:42,8342,Sisenemine,IT
2025-02-15 15:52,8342,Vﾃ､ljumine,IT
2025-02-15 08:57,1023,Sisenemine,IT
2025-02-15 15:00,1023,Vﾃ､ljumine,IT
2025-02-15 08:37,2045,Sisenemine,IT
2025-02-15 14:52,2045,Vﾃ､ljumine,IT
2025-02-15 08:47,2100,Sisenemine,IT
2025-02-15 13:44,2100,Vﾃ､ljumine,IT
2025-02-15 08:53,2101,Sisenemine,IT
2025-02-15 15:02,2101,Vﾃ､ljumine,IT
2025-02-15 08:31,5005,Sisenemine,Mﾃｼﾃｼk
2025-02-15 14:03,5005,Vﾃ､ljumine,Mﾃｼﾃｼk
2025-02-15 08:32,1045,Sisenemine,Logistika
2025-02-15 15:29,1045,Vﾃ､ljumine,Logistika
2025-02-15 08:04,1234,Sisenemine,Logistika
2025-02-15 13:13,1234,Vﾃ､ljumine,Logistika
2025-02-15 08:16,3456,Sisenemine,Turvalisus
2025-02-15 13:38,3456,Vﾃ､ljumine,Turvalisus
2025-02-15 08:02,4567,Sisenemine,Turvalisus
2025-02-15 12:50,4567,Vﾃ､ljumine,Turvalisus
2025-02-16 08:22,1056,Sisenemine,Logistika
2025-02-16 15:05,1056,Vﾃ､ljumine,Logistika
2025-02-16 08:34,2043,Sisenemine,Mﾃｼﾃｼk
2025-02-16 15:43,2043,Vﾃ､ljumine,Mﾃｼﾃｼk
2025-02-16 08:20,1123,Sisenemine,IT
2025-02-16 13:45,1123,Vﾃ､ljumine,IT
2025-02-16 08:39,5002,Sisenemine,Mﾃｼﾃｼk
2025-02-16 13:47,5002,Vﾃ､ljumine,Mﾃｼﾃｼk
2025-02-16 08:19,8342,Sisenemine,IT
2025-02-16 13:05,8342,Vﾃ､ljumine,IT
2025-02-16 08:37,1023,Sisenemine,IT
2025-02-16 14:48,1023,Vﾃ､ljumine,IT
2025-02-16 08:46,2045,Sisenemine,IT
2025-02-16 16:04,2045,Vﾃ､ljumine,IT
2025-02-16 08:59,2100,Sisenemine,IT
2025-02-16 13:55,2100,Vﾃ､ljumine,IT
2025-02-16 08:23,2101,Sisenemine,IT
2025-02-16 13:22,2101,Vﾃ､ljumine,IT
2025-02-16 08:58,5005,Sisenemine,Mﾃｼﾃｼk
2025-02-16 14:38,5005,Vﾃ､ljumine,Mﾃｼﾃｼk
2025-02-16 08:06,1045,Sisenemine,Logistika
2025-02-16 13:54,1045,Vﾃ､ljumine,Logistika
2025-02-16 08:21,1234,Sisenemine,Logistika
2025-02-16 14:28,1234,Vﾃ､ljumine,Logistika
2025-02-16 08:02,3456,Sisenemine,Turvalisus
2025-02-16 13:55,3456,Vﾃ､ljumine,Turvalisus
2025-02-16 08:44,4567,Sisenemine,Turvalisus
2025-02-16 14:26,4567,Vﾃ､ljumine,Turvalisus
2025-02-17 08:35,1056,Sisenemine,Logistika
2025-02-17 12:49,1056,Vﾃ､ljumine,Logistika
2025-02-17 08:27,2043,Sisenemine,Mﾃｼﾃｼk
2025-02-17 13:46,2043,Vﾃ､ljumine,Mﾃｼﾃｼk
2025-02-17 08:12,1123,Sisenemine,IT
2025-02-17 13:36,1123,Vﾃ､ljumine,IT
2025-02-17 08:43,5002,Sisenemine,Mﾃｼﾃｼk
2025-02-17 16:38,5002,Vﾃ､ljumine,Mﾃｼﾃｼk
2025-02-17 08:31,8342,Sisenemine,IT
2025-02-17 15:40,8342,Vﾃ､ljumine,IT
2025-02-17 08:43,1023,Sisenemine,IT
2025-02-17 14:26,1023,Vﾃ､ljumine,IT
2025-02-17 08:42,2045,Sisenemine,IT
2025-02-17 15:41,2045,Vﾃ､ljumine,IT
2025-02-17 08:28,2100,Sisenemine,IT
2025-02-17 14:35,2100,Vﾃ､ljumine,IT
2025-02-17 08:02,2101,Sisenemine,IT
2025-02-17 13:25,2101,Vﾃ､ljumine,IT
2025-02-17 08:16,5005,Sisenemine,Mﾃｼﾃｼk
2025-02-17 12:52,5005,Vﾃ､ljumine,Mﾃｼﾃｼk
2025-02-17 08:08,1045,Sisenemine,Logistika
2025-02-17 15:48,1045,Vﾃ､ljumine,Logistika
2025-02-17 08:51,1234,Sisenemine,Logistika
2025-02-17 13:10,1234,Vﾃ､ljumine,Logistika
2025-02-17 08:45,3456,Sisenemine,Turvalisus
2025-02-17 14:23,3456,Vﾃ､ljumine,Turvalisus
2025-02-17 08:18,4567,Sisenemine,Turvalisus
2025-02-17 14:45,4567,Vﾃ､ljumine,Turvalisus
2025-02-18 08:59,1056,Sisenemine,Logistika
2025-02-18 15:53,1056,Vﾃ､ljumine,Logistika
2025-02-18 08:24,2043,Sisenemine,Mﾃｼﾃｼk
2025-02-18 13:16,2043,Vﾃ､ljumine,Mﾃｼﾃｼk
2025-02-18 08:19,1123,Sisenemine,IT
2025-02-18 12:49,1123,Vﾃ､ljumine,IT
2025-02-18 08:48,5002,Sisenemine,Mﾃｼﾃｼk
2025-02-18 13:42,5002,Vﾃ､ljumine,Mﾃｼﾃｼk
2025-02-18 08:15,8342,Sisenemine,IT
2025-02-18 12:23,8342,Vﾃ､ljumine,IT
2025-02-18 08:18,1023,Sisenemine,IT
2025-02-18 12:41,1023,Vﾃ､ljumine,IT
2025-02-18 08:07,2045,Sisenemine,IT
2025-02-18 15:30,2045,Vﾃ､ljumine,IT
2025-02-18 08:53,2100,Sisenemine,IT
2025-02-18 13:05,2100,Vﾃ､ljumine,IT
2025-02-18 08:53,2101,Sisenemine,IT
2025-02-18 13:40,2101,Vﾃ､ljumine,IT
2025-02-18 08:05,5005,Sisenemine,Mﾃｼﾃｼk
2025-02-18 14:59,5005,Vﾃ､ljumine,Mﾃｼﾃｼk
2025-02-18 08:41,1045,Sisenemine,Logistika
2025-02-18 14:38,1045,Vﾃ､ljumine,Logistika
2025-02-18 08:36,1234,Sisenemine,Logistika
2025-02-18 16:32,1234,Vﾃ､ljumine,Logistika
2025-02-18 08:51,3456,Sisenemine,Turvalisus
2025-02-18 13:24,3456,Vﾃ､ljumine,Turvalisus
2025-02-18 09:00,4567,Sisenemine,Turvalisus
2025-02-18 13:41,4567,Vﾃ､ljumine,Turvalisus
2025-02-19 08:27,1056,Sisenemine,Logistika
2025-02-19 15:04,1056,Vﾃ､ljumine,Logistika
2025-02-19 08:01,2043,Sisenemine,Mﾃｼﾃｼk
2025-02-19 12:30,2043,Vﾃ､ljumine,Mﾃｼﾃｼk
2025-02-19 08:48,1123,Sisenemine,IT
2025-02-19 14:07,1123,Vﾃ､ljumine,IT
2025-02-19 08:55,5002,Sisenemine,Mﾃｼﾃｼk
2025-02-19 13:03,5002,Vﾃ､ljumine,Mﾃｼﾃｼk
2025-02-19 08:25,8342,Sisenemine,IT
2025-02-19 13:18,8342,Vﾃ､ljumine,IT
2025-02-19 09:00,1023,Sisenemine,IT
2025-02-19 16:01,1023,Vﾃ､ljumine,IT
2025-02-19 08:43,2045,Sisenemine,IT
2025-02-19 15:14,2045,Vﾃ､ljumine,IT
2025-02-19 08:46,2100,Sisenemine,IT
2025-02-19 15:21,2100,Vﾃ､ljumine,IT
2025-02-19 08:49,2101,Sisenemine,IT
2025-02-19 15:49,2101,Vﾃ､ljumine,IT
2025-02-19 08:40,5005,Sisenemine,Mﾃｼﾃｼk
2025-02-19 16:23,5005,Vﾃ､ljumine,Mﾃｼﾃｼk
2025-02-19 08:59,1045,Sisenemine,Logistika
2025-02-19 14:33,1045,Vﾃ､ljumine,Logistika
2025-02-19 08:41,1234,Sisenemine,Logistika
2025-02-19 14:48,1234,Vﾃ､ljumine,Logistika
2025-02-19 08:40,3456,Sisenemine,Turvalisus
2025-02-19 14:38,3456,Vﾃ､ljumine,Turvalisus
2025-02-19 08:20,4567,Sisenemine,Turvalisus
2025-02-19 13:59,4567,Vﾃ､ljumine,Turvalisus
2025-02-20 08:06,1056,Sisenemine,Logistika
2025-02-20 14:49,1056,Vﾃ､ljumine,Logistika
2025-02-20 08:33,2043,Sisenemine,Mﾃｼﾃｼk
2025-02-20 14:04,2043,Vﾃ､ljumine,Mﾃｼﾃｼk
2025-02-20 08:16,1123,Sisenemine,IT
2025-02-20 15:44,1123,Vﾃ､ljumine,IT
2025-02-20 08:40,5002,Sisenemine,Mﾃｼﾃｼk
2025-02-20 13:07,5002,Vﾃ､ljumine,Mﾃｼﾃｼk
2025-02-20 08:37,8342,Sisenemine,IT
2025-02-20 14:40,8342,Vﾃ､ljumine,IT
2025-02-20 08:09,1023,Sisenemine,IT
2025-02-20 12:43,1023,Vﾃ､ljumine,IT
2025-02-20 08:58,2045,Sisenemine,IT
2025-02-20 15:21,2045,Vﾃ､ljumine,IT
2025-02-20 08:55,2100,Sisenemine,IT
2025-02-20 14:46,2100,Vﾃ､ljumine,IT
2025-02-20 08:44,2101,Sisenemine,IT
2025-02-20 14:42,2101,Vﾃ､ljumine,IT
2025-02-20 08:18,5005,Sisenemine,Mﾃｼﾃｼk
2025-02-20 14:13,5005,Vﾃ､ljumine,Mﾃｼﾃｼk
2025-02-20 08:24,1045,Sisenemine,Logistika
2025-02-20 15:09,1045,Vﾃ､ljumine,Logistika
2025-02-20 08:36,1234,Sisenemine,Logistika
2025-02-20 15:22,1234,Vﾃ､ljumine,Logistika
2025-02-20 08:39,3456,Sisenemine,Turvalisus
2025-02-20 13:03,3456,Vﾃ､ljumine,Turvalisus
2025-02-20 09:00,4567,Sisenemine,Turvalisus
2025-02-20 16:07,4567,Vﾃ､ljumine,Turvalisus
2025-02-21 08:09,1056,Sisenemine,Logistika
2025-02-21 13:22,1056,Vﾃ､ljumine,Logistika
2025-02-21 08:01,2043,Sisenemine,Mﾃｼﾃｼk
2025-02-21 13:44,2043,Vﾃ､ljumine,Mﾃｼﾃｼk
2025-02-21 08:05,1123,Sisenemine,IT
2025-02-21 13:10,1123,Vﾃ､ljumine,IT
2025-02-21 08:38,5002,Sisenemine,Mﾃｼﾃｼk
2025-02-21 13:36,5002,Vﾃ､ljumine,Mﾃｼﾃｼk
2025-02-21 08:42,8342,Sisenemine,IT
2025-02-21 13:15,8342,Vﾃ､ljumine,IT
2025-02-21 08:24,1023,Sisenemine,IT
2025-02-21 15:36,1023,Vﾃ､ljumine,IT
2025-02-21 08:32,2045,Sisenemine,IT
2025-02-21 16:23,2045,Vﾃ､ljumine,IT
2025-02-21 08:38,2100,Sisenemine,IT
2025-02-21 15:10,2100,Vﾃ､ljumine,IT
2025-02-21 08:14,2101,Sisenemine,IT
2025-02-21 12:53,2101,Vﾃ､ljumine,IT
2025-02-21 08:23,5005,Sisenemine,Mﾃｼﾃｼk
2025-02-21 14:36,5005,Vﾃ､ljumine,Mﾃｼﾃｼk
2025-02-21 08:27,1045,Sisenemine,Logistika
2025-02-21 15:32,1045,Vﾃ､ljumine,Logistika
2025-02-21 08:00,1234,Sisenemine,Logistika
2025-02-21 14:10,1234,Vﾃ､ljumine,Logistika
2025-02-21 08:30,3456,Sisenemine,Turvalisus
2025-02-21 13:05,3456,Vﾃ､ljumine,Turvalisus
2025-02-21 08:02,4567,Sisenemine,Turvalisus
2025-02-21 14:54,4567,Vﾃ､ljumine,Turvalisus
2025-02-22 08:08,1056,Sisenemine,Logistika
2025-02-22 15:54,1056,Vﾃ､ljumine,Logistika
2025-02-22 08:47,2043,Sisenemine,Mﾃｼﾃｼk
2025-02-22 13:38,2043,Vﾃ､ljumine,Mﾃｼﾃｼk
2025-02-22 08:00,1123,Sisenemine,IT
2025-02-22 13:49,1123,Vﾃ､ljumine,IT
2025-02-22 08:00,5002,Sisenemine,Mﾃｼﾃｼk
2025-02-22 14:09,5002,Vﾃ､ljumine,Mﾃｼﾃｼk
2025-02-22 08:11,8342,Sisenemine,IT
2025-02-22 15:38,8342,Vﾃ､ljumine,IT
2025-02-22 08:32,1023,Sisenemine,IT
2025-02-22 14:33,1023,Vﾃ､ljumine,IT
2025-02-22 08:16,2045,Sisenemine,IT
2025-02-22 15:15,2045,Vﾃ､ljumine,IT
2025-02-22 08:14,2100,Sisenemine,IT
2025-02-22 14:30,2100,Vﾃ､ljumine,IT
2025-02-22 08:27,2101,Sisenemine,IT
2025-02-22 13:14,2101,Vﾃ､ljumine,IT
2025-02-22 08:51,5005,Sisenemine,Mﾃｼﾃｼk
2025-02-22 14:47,5005,Vﾃ､ljumine,Mﾃｼﾃｼk
2025-02-22 08:58,1045,Sisenemine,Logistika
2025-02-22 14:42,1045,Vﾃ､ljumine,Logistika
2025-02-22 08:35,1234,Sisenemine,Logistika
2025-02-22 16:25,1234,Vﾃ､ljumine,Logistika
2025-02-22 08:15,3456,Sisenemine,Turvalisus
2025-02-22 14:55,3456,Vﾃ､ljumine,Turvalisus
2025-02-22 08:57,4567,Sisenemine,Turvalisus
2025-02-22 14:38,4567,Vﾃ､ljumine,Turvalisus
2025-02-23 08:22,1056,Sisenemine,Logistika
2025-02-23 16:05,1056,Vﾃ､ljumine,Logistika
2025-02-23 08:16,2043,Sisenemine,Mﾃｼﾃｼk
2025-02-23 14:26,2043,Vﾃ､ljumine,Mﾃｼﾃｼk
2025-02-23 08:06,1123,Sisenemine,IT
2025-02-23 14:43,1123,Vﾃ､ljumine,IT
2025-02-23 08:21,5002,Sisenemine,Mﾃｼﾃｼk
2025-02-23 13:01,5002,Vﾃ､ljumine,Mﾃｼﾃｼk
2025-02-23 08:41,8342,Sisenemine,IT
2025-02-23 16:25,8342,Vﾃ､ljumine,IT
2025-02-23 08:15,1023,Sisenemine,IT
2025-02-23 13:37,1023,Vﾃ､ljumine,IT
2025-02-23 08:51,2045,Sisenemine,IT
2025-02-23 16:39,2045,Vﾃ､ljumine,IT
2025-02-23 08:36,2100,Sisenemine,IT
2025-02-23 16:23,2100,Vﾃ､ljumine,IT
2025-02-23 08:02,2101,Sisenemine,IT
2025-02-23 12:26,2101,Vﾃ､ljumine,IT
2025-02-23 09:00,5005,Sisenemine,Mﾃｼﾃｼk
2025-02-23 14:46,5005,Vﾃ､ljumine,Mﾃｼﾃｼk
2025-02-23 08:39,1045,Sisenemine,Logistika
2025-02-23 15:32,1045,Vﾃ､ljumine,Logistika
2025-02-23 08:51,1234,Sisenemine,Logistika
2025-02-23 15:57,1234,Vﾃ､ljumine,Logistika
2025-02-23 08:52,3456,Sisenemine,Turvalisus
2025-02-23 13:57,3456,Vﾃ､ljumine,Turvalisus
2025-02-23 08:22,4567,Sisenemine,Turvalisus
2025-02-23 15:38,4567,Vﾃ､ljumine,Turvalisus
2025-02-24 08:01,1056,Sisenemine,Logistika
2025-02-24 15:04,1056,Vﾃ､ljumine,Logistika
2025-02-24 08:36,2043,Sisenemine,Mﾃｼﾃｼk
2025-02-24 13:21,2043,Vﾃ､ljumine,Mﾃｼﾃｼk
2025-02-24 08:36,1123,Sisenemine,IT
2025-02-24 14:03,1123,Vﾃ､ljumine,IT
2025-02-24 08:50,5002,Sisenemine,Mﾃｼﾃｼk
2025-02-24 14:19,5002,Vﾃ､ljumine,Mﾃｼﾃｼk
2025-02-24 08:35,8342,Sisenemine,IT
2025-02-24 15:20,8342,Vﾃ､ljumine,IT
2025-02-24 08:11,1023,Sisenemine,IT
2025-02-24 14:50,1023,Vﾃ､ljumine,IT
2025-02-24 08:08,2045,Sisenemine,IT
2025-02-24 15:57,2045,Vﾃ､ljumine,IT
2025-02-24 08:47,2100,Sisenemine,IT
2025-02-24 14:20,2100,Vﾃ､ljumine,IT
2025-02-24 08:28,2101,Sisenemine,IT
2025-02-24 15:08,2101,Vﾃ､ljumine,IT
2025-02-24 08:25,5005,Sisenemine,Mﾃｼﾃｼk
2025-02-24 15:48,5005,Vﾃ､ljumine,Mﾃｼﾃｼk
2025-02-24 08:49,1045,Sisenemine,Logistika
2025-02-24 12:52,1045,Vﾃ､ljumine,Logistika
2025-02-24 08:43,1234,Sisenemine,Logistika
2025-02-24 16:09,1234,Vﾃ､ljumine,Logistika
2025-02-24 08:21,3456,Sisenemine,Turvalisus
2025-02-24 15:31,3456,Vﾃ､ljumine,Turvalisus
2025-02-24 08:17,4567,Sisenemine,Turvalisus
2025-02-24 12:29,4567,Vﾃ､ljumine,Turvalisus
2025-02-25 08:00,1056,Sisenemine,Logistika
2025-02-25 15:12,1056,Vﾃ､ljumine,Logistika
2025-02-25 08:38,2043,Sisenemine,Mﾃｼﾃｼk
2025-02-25 14:04,2043,Vﾃ､ljumine,Mﾃｼﾃｼk
2025-02-25 08:02,1123,Sisenemine,IT
2025-02-25 15:04,1123,Vﾃ､ljumine,IT
2025-02-25 08:44,5002,Sisenemine,Mﾃｼﾃｼk
2025-02-25 15:31,5002,Vﾃ､ljumine,Mﾃｼﾃｼk
2025-02-25 08:24,8342,Sisenemine,IT
2025-02-25 12:49,8342,Vﾃ､ljumine,IT
2025-02-25 08:22,1023,Sisenemine,IT
2025-02-25 13:32,1023,Vﾃ､ljumine,IT
2025-02-25 08:57,2045,Sisenemine,IT
2025-02-25 16:46,2045,Vﾃ､ljumine,IT
2025-02-25 09:00,2100,Sisenemine,IT
2025-02-25 14:16,2100,Vﾃ､ljumine,IT
2025-02-25 08:46,2101,Sisenemine,IT
2025-02-25 14:17,2101,Vﾃ､ljumine,IT
2025-02-25 08:36,5005,Sisenemine,Mﾃｼﾃｼk
2025-02-25 13:46,5005,Vﾃ､ljumine,Mﾃｼﾃｼk
2025-02-25 08:12,1045,Sisenemine,Logistika
2025-02-25 13:33,1045,Vﾃ､ljumine,Logistika
2025-02-25 08:08,1234,Sisenemine,Logistika
2025-02-25 13:52,1234,Vﾃ､ljumine,Logistika
2025-02-25 08:43,3456,Sisenemine,Turvalisus
2025-02-25 12:51,3456,Vﾃ､ljumine,Turvalisus
2025-02-25 08:47,4567,Sisenemine,Turvalisus
2025-02-25 15:20,4567,Vﾃ､ljumine,Turvalisus
2025-02-26 08:29,1056,Sisenemine,Logistika
2025-02-26 13:44,1056,Vﾃ､ljumine,Logistika
2025-02-26 08:28,2043,Sisenemine,Mﾃｼﾃｼk
2025-02-26 12:38,2043,Vﾃ､ljumine,Mﾃｼﾃｼk
2025-02-26 08:01,1123,Sisenemine,IT
2025-02-26 12:08,1123,Vﾃ､ljumine,IT
2025-02-26 08:30,5002,Sisenemine,Mﾃｼﾃｼk
2025-02-26 12:43,5002,Vﾃ､ljumine,Mﾃｼﾃｼk
2025-02-26 08:23,8342,Sisenemine,IT
2025-02-26 12:59,8342,Vﾃ､ljumine,IT
2025-02-26 08:38,1023,Sisenemine,IT
2025-02-26 13:12,1023,Vﾃ､ljumine,IT
2025-02-26 08:45,2045,Sisenemine,IT
2025-02-26 16:31,2045,Vﾃ､ljumine,IT
2025-02-26 08:27,2100,Sisenemine,IT
2025-02-26 15:48,2100,Vﾃ､ljumine,IT
2025-02-26 08:34,2101,Sisenemine,IT
2025-02-26 13:16,2101,Vﾃ､ljumine,IT
2025-02-26 08:09,5005,Sisenemine,Mﾃｼﾃｼk
2025-02-26 12:17,5005,Vﾃ､ljumine,Mﾃｼﾃｼk
2025-02-26 08:58,1045,Sisenemine,Logistika
2025-02-26 15:25,1045,Vﾃ､ljumine,Logistika
2025-02-26 08:33,1234,Sisenemine,Logistika
2025-02-26 13:51,1234,Vﾃ､ljumine,Logistika
2025-02-26 08:09,3456,Sisenemine,Turvalisus
2025-02-26 12:30,3456,Vﾃ､ljumine,Turvalisus
2025-02-26 08:46,4567,Sisenemine,Turvalisus
2025-02-26 14:32,4567,Vﾃ､ljumine,Turvalisus
2025-02-27 08:38,1056,Sisenemine,Logistika
2025-02-27 15:13,1056,Vﾃ､ljumine,Logistika
2025-02-27 08:01,2043,Sisenemine,Mﾃｼﾃｼk
2025-02-27 13:10,2043,Vﾃ､ljumine,Mﾃｼﾃｼk
2025-02-27 08:55,1123,Sisenemine,IT
2025-02-27 15:06,1123,Vﾃ､ljumine,IT
2025-02-27 08:22,5002,Sisenemine,Mﾃｼﾃｼk
2025-02-27 14:42,5002,Vﾃ､ljumine,Mﾃｼﾃｼk
2025-02-27 08:01,8342,Sisenemine,IT
2025-02-27 13:25,8342,Vﾃ､ljumine,IT
2025-02-27 08:04,1023,Sisenemine,IT
2025-02-27 15:19,1023,Vﾃ､ljumine,IT
2025-02-27 08:18,2045,Sisenemine,IT
2025-02-27 13:50,2045,Vﾃ､ljumine,IT
2025-02-27 08:26,2100,Sisenemine,IT
2025-02-27 14:10,2100,Vﾃ､ljumine,IT
2025-02-27 08:36,2101,Sisenemine,IT
2025-02-27 12:52,2101,Vﾃ､ljumine,IT
2025-02-27 08:40,5005,Sisenemine,Mﾃｼﾃｼk
2025-02-27 14:07,5005,Vﾃ､ljumine,Mﾃｼﾃｼk
2025-02-27 08:42,1045,Sisenemine,Logistika
2025-02-27 13:50,1045,Vﾃ､ljumine,Logistika
2025-02-27 08:22,1234,Sisenemine,Logistika
2025-02-27 14:52,1234,Vﾃ､ljumine,Logistika
2025-02-27 08:58,3456,Sisenemine,Turvalisus
2025-02-27 14:15,3456,Vﾃ､ljumine,Turvalisus
2025-02-27 08:39,4567,Sisenemine,Turvalisus
2025-02-27 14:08,4567,Vﾃ､ljumine,Turvalisus
2025-02-28 08:30,1056,Sisenemine,Logistika
2025-02-28 14:51,1056,Vﾃ､ljumine,Logistika
2025-02-28 08:14,2043,Sisenemine,Mﾃｼﾃｼk
2025-02-28 15:50,2043,Vﾃ､ljumine,Mﾃｼﾃｼk
2025-02-28 08:42,1123,Sisenemine,IT
2025-02-28 15:37,1123,Vﾃ､ljumine,IT
2025-02-28 08:15,5002,Sisenemine,Mﾃｼﾃｼk
2025-02-28 12:40,5002,Vﾃ､ljumine,Mﾃｼﾃｼk
2025-02-28 08:59,8342,Sisenemine,IT
2025-02-28 15:38,8342,Vﾃ､ljumine,IT
2025-02-28 08:21,1023,Sisenemine,IT
2025-02-28 15:17,1023,Vﾃ､ljumine,IT
2025-02-28 08:42,2045,Sisenemine,IT
2025-02-28 14:33,2045,Vﾃ､ljumine,IT
2025-02-28 08:52,2100,Sisenemine,IT
2025-02-28 13:48,2100,Vﾃ､ljumine,IT
2025-02-28 08:11,2101,Sisenemine,IT
2025-02-28 14:57,2101,Vﾃ､ljumine,IT
2025-02-28 08:34,5005,Sisenemine,Mﾃｼﾃｼk
2025-02-28 12:58,5005,Vﾃ､ljumine,Mﾃｼﾃｼk
2025-02-28 08:51,1045,Sisenemine,Logistika
2025-02-28 13:58,1045,Vﾃ､ljumine,Logistika
2025-02-28 08:34,1234,Sisenemine,Logistika
2025-02-28 15:35,1234,Vﾃ､ljumine,Logistika
2025-02-28 08:24,3456,Sisenemine,Turvalisus
2025-02-28 14:29,3456,Vﾃ､ljumine,Turvalisus
2025-02-28 08:02,4567,Sisenemine,Turvalisus
2025-02-28 13:57,4567,Vﾃ､ljumine,Turvalisus
2025-03-01 08:17,1056,Sisenemine,Logistika
2025-03-01 16:08,1056,Vﾃ､ljumine,Logistika
2025-03-01 08:15,2043,Sisenemine,Mﾃｼﾃｼk
2025-03-01 14:22,2043,Vﾃ､ljumine,Mﾃｼﾃｼk
2025-03-01 08:13,1123,Sisenemine,IT
2025-03-01 12:22,1123,Vﾃ､ljumine,IT
2025-03-01 08:16,5002,Sisenemine,Mﾃｼﾃｼk
2025-03-01 13:31,5002,Vﾃ､ljumine,Mﾃｼﾃｼk
2025-03-01 08:50,8342,Sisenemine,IT
2025-03-01 15:51,8342,Vﾃ､ljumine,IT
2025-03-01 08:14,1023,Sisenemine,IT
2025-03-01 14:01,1023,Vﾃ､ljumine,IT
2025-03-01 08:15,2045,Sisenemine,IT
2025-03-01 12:42,2045,Vﾃ､ljumine,IT
2025-03-01 08:57,2100,Sisenemine,IT
2025-03-01 16:28,2100,Vﾃ､ljumine,IT
2025-03-01 08:31,2101,Sisenemine,IT
2025-03-01 16:01,2101,Vﾃ､ljumine,IT
2025-03-01 08:27,5005,Sisenemine,Mﾃｼﾃｼk
2025-03-01 15:41,5005,Vﾃ､ljumine,Mﾃｼﾃｼk
2025-03-01 08:56,1045,Sisenemine,Logistika
2025-03-01 16:12,1045,Vﾃ､ljumine,Logistika
2025-03-01 08:55,1234,Sisenemine,Logistika
2025-03-01 13:19,1234,Vﾃ､ljumine,Logistika
2025-03-01 08:42,3456,Sisenemine,Turvalisus
2025-03-01 16:15,3456,Vﾃ､ljumine,Turvalisus
2025-03-01 08:11,4567,Sisenemine,Turvalisus
2025-03-01 16:03,4567,Vﾃ､ljumine,Turvalisus
2025-03-02 08:05,1056,Sisenemine,Logistika
2025-03-02 13:44,1056,Vﾃ､ljumine,Logistika
2025-03-02 08:28,2043,Sisenemine,Mﾃｼﾃｼk
2025-03-02 12:47,2043,Vﾃ､ljumine,Mﾃｼﾃｼk
2025-03-02 08:58,1123,Sisenemine,IT
2025-03-02 16:10,1123,Vﾃ､ljumine,IT
2025-03-02 08:14,5002,Sisenemine,Mﾃｼﾃｼk
2025-03-02 12:17,5002,Vﾃ､ljumine,Mﾃｼﾃｼk
2025-03-02 08:33,8342,Sisenemine,IT
2025-03-02 13:48,8342,Vﾃ､ljumine,IT
2025-03-02 08:51,1023,Sisenemine,IT
2025-03-02 16:36,1023,Vﾃ､ljumine,IT
2025-03-02 08:21,2045,Sisenemine,IT
2025-03-02 14:36,2045,Vﾃ､ljumine,IT
2025-03-02 08:12,2100,Sisenemine,IT
2025-03-02 15:00,2100,Vﾃ､ljumine,IT
2025-03-02 08:48,2101,Sisenemine,IT
2025-03-02 14:32,2101,Vﾃ､ljumine,IT
2025-03-02 08:33,5005,Sisenemine,Mﾃｼﾃｼk
2025-03-02 16:22,5005,Vﾃ､ljumine,Mﾃｼﾃｼk
2025-03-02 08:33,1045,Sisenemine,Logistika
2025-03-02 16:08,1045,Vﾃ､ljumine,Logistika
2025-03-02 08:48,1234,Sisenemine,Logistika
2025-03-02 15:25,1234,Vﾃ､ljumine,Logistika
2025-03-02 08:28,3456,Sisenemine,Turvalisus
2025-03-02 16:09,3456,Vﾃ､ljumine,Turvalisus
2025-03-02 09:00,4567,Sisenemine,Turvalisus
2025-03-02 14:08,4567,Vﾃ､ljumine,Turvalisus
2025-03-03 08:34,1056,Sisenemine,Logistika
2025-03-03 12:55,1056,Vﾃ､ljumine,Logistika
2025-03-03 08:35,2043,Sisenemine,Mﾃｼﾃｼk
2025-03-03 15:07,2043,Vﾃ､ljumine,Mﾃｼﾃｼk
2025-03-03 08:33,1123,Sisenemine,IT
2025-03-03 14:09,1123,Vﾃ､ljumine,IT
2025-03-03 08:20,5002,Sisenemine,Mﾃｼﾃｼk
2025-03-03 13:16,5002,Vﾃ､ljumine,Mﾃｼﾃｼk
2025-03-03 08:38,8342,Sisenemine,IT
2025-03-03 13:35,8342,Vﾃ､ljumine,IT
2025-03-03 08:17,1023,Sisenemine,IT
2025-03-03 13:06,1023,Vﾃ､ljumine,IT
2025-03-03 08:16,2045,Sisenemine,IT
2025-03-03 15:41,2045,Vﾃ､ljumine,IT
2025-03-03 08:22,2100,Sisenemine,IT
2025-03-03 13:30,2100,Vﾃ､ljumine,IT
2025-03-03 08:07,2101,Sisenemine,IT
2025-03-03 15:36,2101,Vﾃ､ljumine,IT
2025-03-03 08:33,5005,Sisenemine,Mﾃｼﾃｼk
2025-03-03 15:33,5005,Vﾃ､ljumine,Mﾃｼﾃｼk
2025-03-03 08:14,1045,Sisenemine,Logistika
2025-03-03 13:25,1045,Vﾃ､ljumine,Logistika
2025-03-03 08:08,1234,Sisenemine,Logistika
2025-03-03 15:21,1234,Vﾃ､ljumine,Logistika
2025-03-03 08:35,3456,Sisenemine,Turvalisus
2025-03-03 16:24,3456,Vﾃ､ljumine,Turvalisus
2025-03-03 08:12,4567,Sisenemine,Turvalisus
2025-03-03 15:50,4567,Vﾃ､ljumine,Turvalisus
2025-03-04 08:57,1056,Sisenemine,Logistika
2025-03-04 16:45,1056,Vﾃ､ljumine,Logistika
2025-03-04 08:47,2043,Sisenemine,Mﾃｼﾃｼk
2025-03-04 15:20,2043,Vﾃ､ljumine,Mﾃｼﾃｼk
2025-03-04 08:06,1123,Sisenemine,IT
2025-03-04 14:58,1123,Vﾃ､ljumine,IT
2025-03-04 08:43,5002,Sisenemine,Mﾃｼﾃｼk
2025-03-04 15:55,5002,Vﾃ､ljumine,Mﾃｼﾃｼk
2025-03-04 08:04,8342,Sisenemine,IT
2025-03-04 13:42,8342,Vﾃ､ljumine,IT
2025-03-04 08:41,1023,Sisenemine,IT
2025-03-04 13:20,1023,Vﾃ､ljumine,IT
2025-03-04 08:40,2045,Sisenemine,IT
2025-03-04 16:35,2045,Vﾃ､ljumine,IT
2025-03-04 08:31,2100,Sisenemine,IT
2025-03-04 14:38,2100,Vﾃ､ljumine,IT
2025-03-04 08:17,2101,Sisenemine,IT
2025-03-04 13:37,2101,Vﾃ､ljumine,IT
2025-03-04 08:14,5005,Sisenemine,Mﾃｼﾃｼk
2025-03-04 14:02,5005,Vﾃ､ljumine,Mﾃｼﾃｼk
2025-03-04 08:01,1045,Sisenemine,Logistika
2025-03-04 13:04,1045,Vﾃ､ljumine,Logistika
2025-03-04 08:31,1234,Sisenemine,Logistika
2025-03-04 16:09,1234,Vﾃ､ljumine,Logistika
2025-03-04 08:16,3456,Sisenemine,Turvalisus
2025-03-04 13:50,3456,Vﾃ､ljumine,Turvalisus
2025-03-04 08:38,4567,Sisenemine,Turvalisus
2025-03-04 15:00,4567,Vﾃ､ljumine,Turvalisus
2025-03-05 08:51,1056,Sisenemine,Logistika
2025-03-05 13:01,1056,Vﾃ､ljumine,Logistika
2025-03-05 08:28,2043,Sisenemine,Mﾃｼﾃｼk
2025-03-05 15:12,2043,Vﾃ､ljumine,Mﾃｼﾃｼk
2025-03-05 08:55,1123,Sisenemine,IT
2025-03-05 13:20,1123,Vﾃ､ljumine,IT
2025-03-05 08:57,5002,Sisenemine,Mﾃｼﾃｼk
2025-03-05 15:02,5002,Vﾃ､ljumine,Mﾃｼﾃｼk
2025-03-05 08:31,8342,Sisenemine,IT
2025-03-05 15:40,8342,Vﾃ､ljumine,IT
2025-03-05 08:33,1023,Sisenemine,IT
2025-03-05 15:04,1023,Vﾃ､ljumine,IT
2025-03-05 08:50,2045,Sisenemine,IT
2025-03-05 15:28,2045,Vﾃ､ljumine,IT
2025-03-05 08:21,2100,Sisenemine,IT
2025-03-05 15:13,2100,Vﾃ､ljumine,IT
2025-03-05 08:37,2101,Sisenemine,IT
2025-03-05 14:06,2101,Vﾃ､ljumine,IT
2025-03-05 08:31,5005,Sisenemine,Mﾃｼﾃｼk
2025-03-05 15:28,5005,Vﾃ､ljumine,Mﾃｼﾃｼk
2025-03-05 08:47,1045,Sisenemine,Logistika
2025-03-05 16:30,1045,Vﾃ､ljumine,Logistika
2025-03-05 08:16,1234,Sisenemine,Logistika
2025-03-05 13:56,1234,Vﾃ､ljumine,Logistika
2025-03-05 09:00,3456,Sisenemine,Turvalisus
2025-03-05 13:05,3456,Vﾃ､ljumine,Turvalisus
2025-03-05 08:26,4567,Sisenemine,Turvalisus
2025-03-05 15:13,4567,Vﾃ､ljumine,Turvalisus
2025-03-06 08:10,1056,Sisenemine,Logistika
2025-03-06 15:01,1056,Vﾃ､ljumine,Logistika
2025-03-06 08:50,2043,Sisenemine,Mﾃｼﾃｼk
2025-03-06 15:01,2043,Vﾃ､ljumine,Mﾃｼﾃｼk
2025-03-06 08:07,1123,Sisenemine,IT
2025-03-06 15:16,1123,Vﾃ､ljumine,IT
2025-03-06 08:39,5002,Sisenemine,Mﾃｼﾃｼk
2025-03-06 12:40,5002,Vﾃ､ljumine,Mﾃｼﾃｼk
2025-03-06 08:40,8342,Sisenemine,IT
2025-03-06 15:47,8342,Vﾃ､ljumine,IT
2025-03-06 08:16,1023,Sisenemine,IT
2025-03-06 13:13,1023,Vﾃ､ljumine,IT
2025-03-06 08:56,2045,Sisenemine,IT
2025-03-06 16:38,2045,Vﾃ､ljumine,IT
2025-03-06 08:57,2100,Sisenemine,IT
2025-03-06 13:08,2100,Vﾃ､ljumine,IT
2025-03-06 08:17,2101,Sisenemine,IT
2025-03-06 14:55,2101,Vﾃ､ljumine,IT
2025-03-06 08:36,5005,Sisenemine,Mﾃｼﾃｼk
2025-03-06 16:03,5005,Vﾃ､ljumine,Mﾃｼﾃｼk
2025-03-06 08:40,1045,Sisenemine,Logistika
2025-03-06 14:58,1045,Vﾃ､ljumine,Logistika
2025-03-06 08:25,1234,Sisenemine,Logistika
2025-03-06 16:06,1234,Vﾃ､ljumine,Logistika
2025-03-06 08:18,3456,Sisenemine,Turvalisus
2025-03-06 12:32,3456,Vﾃ､ljumine,Turvalisus
2025-03-06 08:29,4567,Sisenemine,Turvalisus
2025-03-06 13:20,4567,Vﾃ､ljumine,Turvalisus
2025-03-07 08:57,1056,Sisenemine,Logistika
2025-03-07 15:07,1056,Vﾃ､ljumine,Logistika
2025-03-07 08:25,2043,Sisenemine,Mﾃｼﾃｼk
2025-03-07 15:31,2043,Vﾃ､ljumine,Mﾃｼﾃｼk
2025-03-07 08:27,1123,Sisenemine,IT
2025-03-07 13:17,1123,Vﾃ､ljumine,IT
2025-03-07 08:31,5002,Sisenemine,Mﾃｼﾃｼk
2025-03-07 14:00,5002,Vﾃ､ljumine,Mﾃｼﾃｼk
2025-03-07 08:10,8342,Sisenemine,IT
2025-03-07 13:30,8342,Vﾃ､ljumine,IT
2025-03-07 08:57,1023,Sisenemine,IT
2025-03-07 14:38,1023,Vﾃ､ljumine,IT
2025-03-07 08:11,2045,Sisenemine,IT
2025-03-07 12:33,2045,Vﾃ､ljumine,IT
2025-03-07 08:56,2100,Sisenemine,IT
2025-03-07 14:04,2100,Vﾃ､ljumine,IT
2025-03-07 08:35,2101,Sisenemine,IT
2025-03-07 16:07,2101,Vﾃ､ljumine,IT
2025-03-07 08:14,5005,Sisenemine,Mﾃｼﾃｼk
2025-03-07 12:33,5005,Vﾃ､ljumine,Mﾃｼﾃｼk
2025-03-07 08:19,1045,Sisenemine,Logistika
2025-03-07 15:41,1045,Vﾃ､ljumine,Logistika
2025-03-07 08:14,1234,Sisenemine,Logistika
2025-03-07 15:51,1234,Vﾃ､ljumine,Logistika
2025-03-07 08:31,3456,Sisenemine,Turvalisus
2025-03-07 12:32,3456,Vﾃ､ljumine,Turvalisus
2025-03-07 08:36,4567,Sisenemine,Turvalisus
2025-03-07 12:37,4567,Vﾃ､ljumine,Turvalisus
2025-03-08 08:04,1056,Sisenemine,Logistika
2025-03-08 15:17,1056,Vﾃ､ljumine,Logistika
2025-03-08 08:21,2043,Sisenemine,Mﾃｼﾃｼk
2025-03-08 15:40,2043,Vﾃ､ljumine,Mﾃｼﾃｼk
2025-03-08 08:18,1123,Sisenemine,IT
2025-03-08 12:53,1123,Vﾃ､ljumine,IT
2025-03-08 08:20,5002,Sisenemine,Mﾃｼﾃｼk
2025-03-08 14:16,5002,Vﾃ､ljumine,Mﾃｼﾃｼk
2025-03-08 08:11,8342,Sisenemine,IT
2025-03-08 14:46,8342,Vﾃ､ljumine,IT
2025-03-08 08:06,1023,Sisenemine,IT
2025-03-08 13:06,1023,Vﾃ､ljumine,IT
2025-03-08 08:02,2045,Sisenemine,IT
2025-03-08 13:21,2045,Vﾃ､ljumine,IT
2025-03-08 09:00,2100,Sisenemine,IT
2025-03-08 13:45,2100,Vﾃ､ljumine,IT
2025-03-08 08:35,2101,Sisenemine,IT
2025-03-08 16:11,2101,Vﾃ､ljumine,IT
2025-03-08 08:45,5005,Sisenemine,Mﾃｼﾃｼk
2025-03-08 14:38,5005,Vﾃ､ljumine,Mﾃｼﾃｼk
2025-03-08 08:54,1045,Sisenemine,Logistika
2025-03-08 14:51,1045,Vﾃ､ljumine,Logistika
2025-03-08 08:46,1234,Sisenemine,Logistika
2025-03-08 12:59,1234,Vﾃ､ljumine,Logistika
2025-03-08 08:39,3456,Sisenemine,Turvalisus
2025-03-08 16:26,3456,Vﾃ､ljumine,Turvalisus
2025-03-08 08:16,4567,Sisenemine,Turvalisus
2025-03-08 14:16,4567,Vﾃ､ljumine,Turvalisus
2025-03-09 09:00,1056,Sisenemine,Logistika
2025-03-09 14:27,1056,Vﾃ､ljumine,Logistika
2025-03-09 08:36,2043,Sisenemine,Mﾃｼﾃｼk
2025-03-09 13:23,2043,Vﾃ､ljumine,Mﾃｼﾃｼk
2025-03-09 08:49,1123,Sisenemine,IT
2025-03-09 13:56,1123,Vﾃ､ljumine,IT
2025-03-09 08:27,5002,Sisenemine,Mﾃｼﾃｼk
2025-03-09 13:49,5002,Vﾃ､ljumine,Mﾃｼﾃｼk
2025-03-09 08:55,8342,Sisenemine,IT
2025-03-09 14:08,8342,Vﾃ､ljumine,IT
2025-03-09 08:34,1023,Sisenemine,IT
2025-03-09 14:11,1023,Vﾃ､ljumine,IT
2025-03-09 08:00,2045,Sisenemine,IT
2025-03-09 14:20,2045,Vﾃ､ljumine,IT
2025-03-09 08:38,2100,Sisenemine,IT
2025-03-09 14:20,2100,Vﾃ､ljumine,IT
2025-03-09 08:43,2101,Sisenemine,IT
2025-03-09 15:13,2101,Vﾃ､ljumine,IT
2025-03-09 08:21,5005,Sisenemine,Mﾃｼﾃｼk
2025-03-09 15:36,5005,Vﾃ､ljumine,Mﾃｼﾃｼk
2025-03-09 08:50,1045,Sisenemine,Logistika
2025-03-09 15:42,1045,Vﾃ､ljumine,Logistika
2025-03-09 08:40,1234,Sisenemine,Logistika
2025-03-09 16:27,1234,Vﾃ､ljumine,Logistika
2025-03-09 08:58,3456,Sisenemine,Turvalisus
2025-03-09 16:54,3456,Vﾃ､ljumine,Turvalisus
2025-03-09 08:58,4567,Sisenemine,Turvalisus
2025-03-09 15:31,4567,Vﾃ､ljumine,Turvalisus
